{
  "Andhra Pradesh": [
    {
      "month": 8,
      "day": 15,
      "year": 1947,
      "title": "Andhra's role in Independence",
      "summary": "Local celebrations and events in Andhra Pradesh following Indian independence.",
      "pages": [
        {
          "title": "Andhra_Pradesh"
        }
      ]
    }
  ],
  "Arunachal Pradesh": [
    {
      "month": 2,
      "day": 20,
      "year": 1987,
      "title": "Arunachal Pradesh statehood",
      "summary": "Arunachal Pradesh became a union territory in 1972 and later a state in 1987.",
      "pages": [
        {
          "title": "Arunachal_Pradesh"
        }
      ]
    }
  ],
  "Assam": [
    {
      "month": 12,
      "day": 2,
      "year": 1971,
      "title": "Assam events 1971",
      "summary": "Notable events in Assam during 1971 including cultural changes.",
      "pages": [
        {
          "title": "Assam"
        }
      ]
    }
  ],
  "Bihar": [
    {
      "month": 3,
      "day": 22,
      "year": 1919,
      "title": "Champaran movement",
      "summary": "Gandhi's Champaran Satyagraha influenced Bihar and national politics.",
      "pages": [
        {
          "title": "Champaran_Satyagraha"
        }
      ]
    }
  ],
  "Chhattisgarh": [
    {
      "month": 11,
      "day": 1,
      "year": 2000,
      "title": "Chhattisgarh formation",
      "summary": "Chhattisgarh became a separate state on November 1, 2000.",
      "pages": [
        {
          "title": "Chhattisgarh"
        }
      ]
    }
  ],
  "Goa": [
    {
      "month": 12,
      "day": 19,
      "year": 1961,
      "title": "Liberation of Goa",
      "summary": "Goa liberated from Portuguese rule in December 1961.",
      "pages": [
        {
          "title": "Liberation_of_Goa"
        }
      ]
    }
  ],
  "Gujarat": [
    {
      "month": 1,
      "day": 26,
      "year": 1950,
      "title": "Gujarat Republic celebrations",
      "summary": "Republic Day celebrations in Gujarat with parades and cultural events.",
      "pages": [
        {
          "title": "Gujarat"
        }
      ]
    }
  ],
  "Haryana": [
    {
      "month": 11,
      "day": 1,
      "year": 1966,
      "title": "Haryana formation",
      "summary": "Haryana formed as a separate state on November 1, 1966.",
      "pages": [
        {
          "title": "Haryana"
        }
      ]
    }
  ],
  "Himachal Pradesh": [
    {
      "month": 1,
      "day": 25,
      "year": 1971,
      "title": "Himachal statehood",
      "summary": "Himachal Pradesh became a state of India in 1971.",
      "pages": [
        {
          "title": "Himachal_Pradesh"
        }
      ]
    }
  ],
  "Jharkhand": [
    {
      "month": 11,
      "day": 15,
      "year": 2000,
      "title": "Jharkhand formation",
      "summary": "Jharkhand was created as a separate state on November 15, 2000.",
      "pages": [
        {
          "title": "Jharkhand"
        }
      ]
    }
  ],
  "Karnataka": [
    {
      "month": 11,
      "day": 1,
      "year": 1956,
      "title": "Karnataka reorganization",
      "summary": "State reorganization led to renaming as Karnataka and reorganization in 1956.",
      "pages": [
        {
          "title": "Karnataka"
        }
      ]
    }
  ],
  "Kerala": [
    {
      "month": 11,
      "day": 1,
      "year": 1956,
      "title": "Kerala state formation",
      "summary": "Kerala state formed on November 1, 1956.",
      "pages": [
        {
          "title": "Kerala"
        }
      ]
    }
  ],
  "Madhya Pradesh": [
    {
      "month": 11,
      "day": 1,
      "year": 1956,
      "title": "Madhya Pradesh reorganization",
      "summary": "Reorganization of states affected Madhya Pradesh in 1956.",
      "pages": [
        {
          "title": "Madhya_Pradesh"
        }
      ]
    }
  ],
  "Maharashtra": [
    {
      "month": 5,
      "day": 1,
      "year": 1960,
      "title": "Maharashtra formation",
      "summary": "Maharashtra was formed on May 1, 1960.",
      "pages": [
        {
          "title": "Maharashtra"
        }
      ]
    }
  ],
  "Manipur": [
    {
      "month": 1,
      "day": 21,
      "year": 1972,
      "title": "Manipur statehood",
      "summary": "Manipur became a full state of India in 1972.",
      "pages": [
        {
          "title": "Manipur"
        }
      ]
    }
  ],
  "Meghalaya": [
    {
      "month": 1,
      "day": 21,
      "year": 1972,
      "title": "Meghalaya statehood",
      "summary": "Meghalaya became a separate state in 1972.",
      "pages": [
        {
          "title": "Meghalaya"
        }
      ]
    }
  ],
  "Mizoram": [
    {
      "month": 2,
      "day": 20,
      "year": 1987,
      "title": "Mizoram statehood",
      "summary": "Mizoram became a state in 1987.",
      "pages": [
        {
          "title": "Mizoram"
        }
      ]
    }
  ],
  "Nagaland": [
    {
      "month": 12,
      "day": 1,
      "year": 1963,
      "title": "Nagaland formation",
      "summary": "Nagaland became a state on December 1, 1963.",
      "pages": [
        {
          "title": "Nagaland"
        }
      ]
    }
  ],
  "Odisha": [
    {
      "month": 4,
      "day": 1,
      "year": 1936,
      "title": "Odisha formation",
      "summary": "Odisha (formerly Orissa) was formed as a separate province on April 1, 1936.",
      "pages": [
        {
          "title": "Odisha"
        }
      ]
    }
  ],
  "Punjab": [
    {
      "month": 11,
      "day": 1,
      "year": 1966,
      "title": "Punjab reorganization",
      "summary": "Divisions and reorganizations affected Punjab in 1966.",
      "pages": [
        {
          "title": "Punjab"
        }
      ]
    }
  ],
  "Rajasthan": [
    {
      "month": 3,
      "day": 30,
      "year": 1949,
      "title": "Rajasthan integration",
      "summary": "Integration and reorganization of princely states into Rajasthan.",
      "pages": [
        {
          "title": "Rajasthan"
        }
      ]
    }
  ],
  "Sikkim": [
    {
      "month": 5,
      "day": 16,
      "year": 1975,
      "title": "Sikkim accession",
      "summary": "Sikkim merged with India as a state in 1975.",
      "pages": [
        {
          "title": "Sikkim"
        }
      ]
    }
  ],
  "Tamil Nadu": [
    {
      "month": 1,
      "day": 14,
      "year": 1969,
      "title": "Madras renamed",
      "summary": "Madras state was renamed Tamil Nadu in 1969.",
      "pages": [
        {
          "title": "Tamil_Nadu"
        }
      ]
    }
  ],
  "Telangana": [
    {
      "month": 6,
      "day": 2,
      "year": 2014,
      "title": "Telangana formation",
      "summary": "Telangana became India's newest state on June 2, 2014.",
      "pages": [
        {
          "title": "Telangana"
        }
      ]
    }
  ],
  "Tripura": [
    {
      "month": 1,
      "day": 21,
      "year": 1972,
      "title": "Tripura statehood",
      "summary": "Tripura became a state in 1972.",
      "pages": [
        {
          "title": "Tripura"
        }
      ]
    }
  ],
  "Uttar Pradesh": [
    {
      "month": 1,
      "day": 24,
      "year": 1950,
      "title": "Uttar Pradesh events",
      "summary": "Important political events in Uttar Pradesh history.",
      "pages": [
        {
          "title": "Uttar_Pradesh"
        }
      ]
    }
  ],
  "Uttarakhand": [
    {
      "month": 11,
      "day": 9,
      "year": 2000,
      "title": "Uttarakhand formation",
      "summary": "Uttarakhand formed as a separate state in 2000.",
      "pages": [
        {
          "title": "Uttarakhand"
        }
      ]
    }
  ],
  "West Bengal": [
    {
      "month": 8,
      "day": 15,
      "year": 1947,
      "title": "West Bengal independence events",
      "summary": "Partition and independence had large effects on West Bengal.",
      "pages": [
        {
          "title": "West_Bengal"
        }
      ]
    }
  ],
  "Andaman and Nicobar Islands": [
    {
      "month": 12,
      "day": 7,
      "year": 1949,
      "title": "Andaman events",
      "summary": "Local administrative changes after independence.",
      "pages": [
        {
          "title": "Andaman_and_Nicobar_Islands"
        }
      ]
    }
  ],
  "Chandigarh": [
    {
      "month": 11,
      "day": 1,
      "year": 1966,
      "title": "Chandigarh administrative changes",
      "summary": "Chandigarh established as a union territory and capital.",
      "pages": [
        {
          "title": "Chandigarh"
        }
      ]
    }
  ],
  "Dadra and Nagar Haveli and Daman and Diu": [
    {
      "month": 8,
      "day": 29,
      "year": 1961,
      "title": "Liberation of Daman",
      "summary": "Dadra and Daman liberation events from colonial rule.",
      "pages": [
        {
          "title": "Daman_and_Diu"
        }
      ]
    }
  ],
  "Lakshadweep": [
    {
      "month": 11,
      "day": 1,
      "year": 1956,
      "title": "Lakshadweep administration",
      "summary": "Administrative updates for Lakshadweep islands.",
      "pages": [
        {
          "title": "Lakshadweep"
        }
      ]
    }
  ],
  "Delhi": [
    {
      "month": 8,
      "day": 15,
      "year": 1947,
      "title": "Delhi independence events",
      "summary": "Ceremonies and changes in the national capital after independence.",
      "pages": [
        {
          "title": "Delhi"
        }
      ]
    }
  ]
}